Date,Open,Adj Close,Volume,returns,range,ma_12,ma_21,hmm_predictions,ma_signal,hmm_signal,combined_signal,lrets_bench,lrets_bench_prod,lrets_bench_prod_exp,lrets_strat,lrets_strat_prod,lrets_strat_prod_exp
2023-02-22,24437.41796875,24188.84375,30199996781,-0.01012875204423358,0.03501989238132075,23550.6806640625,23250.04268973214,1,1.0,1,1.0,-0.010180396881003117,-0.010180396881003117,-0.01012875204423358,-0.01014644409073966,-0.01014644409073966,-0.010095142582799643
2023-02-23,24190.71875,23947.4921875,30476264066,-0.00997780485063493,0.03706309149227116,23723.732096354168,23272.691313244046,1,1.0,1,1.0,-0.010027916762018151,-0.020208313643021267,-0.020005494183590655,-0.010167415322211848,-0.02031385941295151,-0.020108922999901413
2023-02-24,23946.0078125,23198.126953125,26811744928,-0.03129201289670536,0.047665030988687906,23841.225748697918,23260.729631696428,3,1.0,0,1.0,-0.03179206740644356,-0.052000381049464826,-0.05067149489829814,-0.03164395496072153,-0.05195781437367304,-0.05063108427953489
2023-02-25,23200.125,23175.375,16100721565,-0.0009807668166905703,0.015250593800079537,23955.165201822918,23253.27855282738,1,1.0,1,0.0,-0.000981248083164121,-0.052981629132628945,-0.05160256479424041,-0.0,-0.05195781437367304,-0.05063108427953489
2023-02-26,23174.150390625,23561.212890625,16644534842,0.016648614774302573,0.024698537226245598,24066.865885416668,23282.114118303572,1,1.0,1,1.0,0.016511545833869257,-0.036470083298759684,-0.035813061242563116,0.016574501436847782,-0.035383312936825256,-0.03476464186179029
2023-02-27,23561.451171875,23522.87109375,22660763494,-0.0016273269569350157,0.0280968336249654,24001.45166015625,23318.436104910714,1,1.0,1,1.0,-0.001628652491694882,-0.038098735790454565,-0.037382108639527734,-0.0016826900323093762,-0.037066002969134634,-0.03638746803813453
2023-02-28,23521.837890625,23147.353515625,20535363434,-0.01596393470118429,0.022001129508672168,23961.77490234375,23312.867652529763,1,1.0,1,1.0,-0.016092730875103014,-0.054191466665557575,-0.052749277799397976,-0.015894322572598055,-0.05296032554173269,-0.051582360308060404
2023-03-01,23150.9296875,23646.55078125,24662841200,0.02156606219747892,0.034302856596147846,23885.187337239582,23346.541573660714,1,1.0,1,1.0,0.021336804939163678,-0.0328546617263939,-0.032320809807813045,0.021202143934480975,-0.03175818160725172,-0.03125918689621432
2023-03-02,23647.01953125,23475.466796875,20386398516,-0.007235050302163204,0.021256903885080947,23788.036458333332,23425.419084821428,1,1.0,1,1.0,-0.007261350209481709,-0.040116011935875606,-0.03932201742521002,-0.007231504894093288,-0.038989686501345,-0.038239371787837984
2023-03-03,23476.6328125,22362.6796875,26062404610,-0.047402129167592566,0.056997964860833195,23624.28955078125,23459.299851190477,3,1.0,0,1.0,-0.04856242572977136,-0.08867843766564697,-0.08486019924368249,-0.04860117677112041,-0.08759086327246542,-0.08386437521199663
2023-03-04,22362.923828125,22353.349609375,11166012913,-0.0004172164631153219,0.009288591695247872,23417.972981770832,23482.274832589286,1,0.0,1,0.0,-0.0004173035221196778,-0.08909574118776664,-0.08524201063461001,-0.0,-0.08759086327246542,-0.08386437521199663
2023-03-05,22354.14453125,22435.513671875,13317001733,0.0036756935285233716,0.013741920000574392,23251.236328125,23513.099144345237,1,0.0,1,0.0,0.00366895467532336,-0.08542678651244329,-0.08187964061293462,0.0,-0.08759086327246542,-0.08386437521199663
2023-03-06,22436.81640625,22429.7578125,17353192895,-0.00025655126328649747,0.011328420284261398,23104.645833333332,23542.701822916668,1,0.0,1,0.0,-0.0002565841781915384,-0.08568337069063482,-0.0821151855509844,-0.0,-0.08759086327246542,-0.08386437521199663
2023-03-07,22428.322265625,22219.76953125,22765452204,-0.00936203961743065,0.023449643941143128,22960.6689453125,23542.652529761905,1,0.0,1,0.0,-0.009406138966041635,-0.09508950965667645,-0.09070845954809414,-0.0,-0.08759086327246542,-0.08386437521199663
2023-03-08,22216.44140625,21718.080078125,22536575684,-0.022578517406286358,0.025835838914170184,22837.331705729168,23419.330543154763,1,0.0,1,0.0,-0.022837315061132093,-0.11792682471780855,-0.11123891442157641,-0.0,-0.08759086327246542,-0.08386437521199663
2023-03-09,21720.080078125,20363.021484375,30364664171,-0.06239311158608585,0.07879198393997022,22602.968912760418,23264.070870535714,3,0.0,0,0.0,-0.06442451332853331,-0.18235133804634185,-0.16669148400744183,-0.0,-0.08759086327246542,-0.08386437521199663
2023-03-10,20367.001953125,20187.244140625,39578257695,-0.008632183779056501,0.03782006287572148,22321.804850260418,23055.577659970237,1,0.0,1,0.0,-0.00866965688311379,-0.19102099492945565,-0.1738847562621424,-0.0,-0.08759086327246542,-0.08386437521199663
2023-03-11,20187.876953125,20632.41015625,30180288176,0.022051846825845045,0.03606943506637461,22080.93310546875,22864.679222470237,1,0.0,1,0.0,0.021812221244110887,-0.16920877368534476,-0.15566738944673952,0.0,-0.08759086327246542,-0.08386437521199663
2023-03-12,20628.029296875,22163.94921875,29279035521,0.07422977009964415,0.08490591357667276,21998.982747395832,22761.64620535714,0,0.0,1,0.0,0.07160391184533008,-0.09760486184001468,-0.09299277387773863,0.0,-0.08759086327246542,-0.08386437521199663
2023-03-13,22156.40625,24197.533203125,49466362688,0.09175187888693825,0.12011199668369188,22044.89794921875,22731.569289434523,2,0.0,0,0.0,0.08778363436848541,-0.009821227471529276,-0.009773156716991083,0.0,-0.08759086327246542,-0.08386437521199663
2023-03-14,24201.765625,24746.07421875,54622230164,0.022669294883089997,0.10105538183582463,22150.781901041668,22746.317894345237,3,0.0,0,0.0,0.02241616479750579,0.012594937325976514,0.012674587594542874,0.0,-0.08759086327246542,-0.08386437521199663
2023-03-15,24770.92578125,24375.9609375,43655701450,-0.014956444322371198,0.05323220783251292,22318.555338541668,22755.22823660714,3,0.0,0,0.0,-0.015069419825617957,-0.002474482499641443,-0.002471423491495206,-0.0,-0.08759086327246542,-0.08386437521199663
2023-03-16,24373.45703125,25052.7890625,33866061747,0.027766213062754286,0.03984356689537272,22543.508626302082,22807.861421130954,1,0.0,1,0.0,0.027387721969650478,0.024913239470009035,0.025226167500026042,0.0,-0.08759086327246542,-0.08386437521199663
2023-03-17,25055.123046875,27423.9296875,50730261335,0.0946457745317153,0.11350924826370279,22959.2099609375,23009.09012276786,2,0.0,0,0.0,0.09043081735478727,0.1153440568247963,0.12225949219324805,0.0,-0.08759086327246542,-0.08386437521199663
2023-03-18,27448.1171875,26965.87890625,35723036817,-0.01670259464889101,0.04091007280811243,23337.220052083332,23189.590308779763,3,1.0,0,0.0,-0.016843655914946763,0.09850040090984954,0.10351484680427392,-0.0,-0.08759086327246542,-0.08386437521199663
2023-03-19,26969.50390625,28038.67578125,37769448859,0.039783493752593824,0.05696669701005708,23822.12890625,23402.802827380954,1,1.0,1,0.0,0.03901251239696352,0.13751291330681306,0.1474165228180062,0.0,-0.08759086327246542,-0.08386437521199663
2023-03-20,28041.6015625,27767.236328125,44774027664,-0.00968089417783835,0.04716255070938469,24326.225260416668,23604.915457589286,3,1.0,0,1.0,-0.009728058677075274,0.1277848546297378,0.13630850488270196,-0.009790761351629927,-0.09738162462409534,-0.0927902735077919
2023-03-21,27768.392578125,28175.81640625,36102192830,0.014714466837708162,0.036440557504790805,24977.29150390625,23844.366071428572,1,1.0,1,0.0,0.014607259457310753,0.14239211408704855,0.1530286786952042,0.0,-0.09738162462409534,-0.0927902735077919
2023-03-22,28158.720703125,27307.4375,33382021890,-0.030820008681536337,0.07635800231776702,25570.640950520832,24018.694010416668,3,1.0,0,1.0,-0.031304934786025286,0.11108717930102327,0.11749232480775773,-0.030898714933400115,-0.12828033955749546,-0.1203932439916009
2023-03-23,27301.95703125,28333.97265625,24220433689,0.03759177902540278,0.05689069644361111,26212.437825520832,24250.051432291668,1,1.0,1,0.0,0.03690243092144147,0.14798961022246473,0.15950084934451447,0.0,-0.12828033955749546,-0.1203932439916009
2023-03-24,28324.111328125,27493.28515625,25980310960,-0.02967065403073854,0.04989676471658977,26656.549153645832,24494.36597842262,3,1.0,0,1.0,-0.03011973318555565,0.11786987703690908,0.12509770079526583,-0.029987974008091726,-0.15826831356558718,-0.14637928677849366
2023-03-25,27487.337890625,27494.70703125,13383005987,5.17171735541222e-05,0.02189978909074619,26931.313639322918,24739.192522321428,1,1.0,1,0.0,5.171583626720892e-05,0.11792159287317629,0.1251558876683232,0.0,-0.15826831356558718,-0.14637928677849366
2023-03-26,27495.5234375,27994.330078125,13878363192,0.018171608313816145,0.026711474008003444,27202.001627604168,25003.89806547619,0,1.0,1,1.0,0.01800847790347154,0.13593007077664782,0.14560177975101607,0.01796943609414483,-0.14029887747144235,-0.13090155736733133
2023-03-27,27994.068359375,27139.888671875,18188895178,-0.03052194511765327,0.05379234912507691,27432.328938802082,25228.190011160714,3,1.0,0,1.0,-0.030997440056033318,0.1049326307206145,0.11063578510276972,-0.03124604723332817,-0.1715449247047705,-0.15763757571324954
2023-03-28,27132.888671875,27268.130859375,17783600385,0.004725228944394866,0.029346492283536918,27616.940755208332,25468.58816964286,1,1.0,1,0.0,0.004714100093914092,0.1096467308145286,0.11588379346121802,0.0,-0.1715449247047705,-0.15763757571324954
2023-03-29,27267.03125,28348.44140625,20684945906,0.0396180637553154,0.049886196458294174,27693.9833984375,25784.319661458332,0,1.0,1,1.0,0.03885339931269162,0.14850013012722021,0.16009294873408786,0.038953664600823855,-0.13259126010394665,-0.12417699723928366
2023-03-30,28350.140625,28033.5625,22435349951,-0.0111074503792854,0.0519384512710106,27782.95703125,26149.583519345237,3,1.0,0,1.0,-0.011169598741333131,0.13733053138588708,0.14720727387066512,-0.011275939340511505,-0.14386719944445814,-0.13399725393108508
2023-03-31,28032.26171875,28478.484375,19001327598,0.015871042968584437,0.03829004347702325,27819.607747395832,26544.404482886905,1,1.0,1,0.0,0.015746414888453637,0.1530769462743407,0.16541464980813902,0.0,-0.14386719944445814,-0.13399725393108508
2023-04-01,28473.33203125,28411.03515625,10876469901,-0.0023684272611504964,0.017856383616074778,27873.257649739582,26914.81519717262,1,1.0,1,1.0,-0.0023712364214005313,0.15070570985294018,0.1626544499809892,-0.00036835378351151953,-0.14423555322796966,-0.13431619057476496
2023-04-02,28462.845703125,28199.30859375,12284641999,-0.00745226498561502,0.02276822165531378,27875.21533203125,27202.21326264881,1,1.0,1,1.0,-0.007480171844976413,0.14322553800796378,0.15399004093302637,-0.009877776587686722,-0.15411332981565637,-0.14282512796360947
2023-04-03,28183.080078125,27790.220703125,19556501327,-0.014507018470504951,0.04395331670542957,27915.447265625,27373.293619791668,3,1.0,0,1.0,-0.014613274150394037,0.12861226385756974,0.1372490860944322,-0.013855814636388809,-0.16796914445204517,-0.15462008105713643
2023-04-04,27795.2734375,28168.08984375,15284538859,0.0135971982612757,0.027182154471923292,27901.623697916668,27536.246744791668,1,1.0,1,0.0,0.01350558587463783,0.14211784973220756,0.1527124873905128,0.0,-0.16796914445204517,-0.15462008105713643
2023-04-05,28169.7265625,28177.984375,17052315986,0.000351267384649967,0.032160688473287014,27958.681966145832,27717.295479910714,1,1.0,1,1.0,0.0003512057047058866,0.14246905543691346,0.1531173976912119,0.0001952260038362157,-0.16777391844820896,-0.15445502480272555
2023-04-06,28175.2265625,28044.140625,13837809380,-0.004749940528704033,0.015848761938693556,28004.468098958332,27859.740792410714,1,1.0,1,1.0,-0.004761257346579407,0.13770779809033407,0.1476401586295646,-0.004847887138347864,-0.17262180558655682,-0.1585442114465384
2023-04-07,28038.966796875,27925.859375,10861680497,-0.004217681389550476,0.011425564616503792,27998.76220703125,27883.64220610119,1,1.0,1,1.0,-0.00422660089629551,0.13348119719403856,0.14279977809061206,-0.0042335383004206235,-0.17685534388697743,-0.16209901674395066
2023-04-08,27920.513671875,27947.794921875,9373255556,0.0007854922772632111,0.009915458451612125,28066.087727864582,27930.40011160714,0,1.0,1,1.0,0.0007851839396583646,0.13426638113369693,0.14369743849076033,0.0011402139494543152,-0.1757151299375231,-0.16114308547506306
2023-04-09,27952.3671875,28333.05078125,12175322951,0.013784839213681899,0.02531038696726351,28154.8310546875,27944.41796875,0,1.0,1,1.0,0.01369069252890777,0.14795707366260472,0.15946312378945526,0.013632156358542289,-0.16208297357898083,-0.1496293566828214
2023-04-10,28336.02734375,29652.98046875,19282400094,0.04658621825410658,0.056127500856203216,28263.542643229168,28034.215308779763,0,1.0,1,1.0,0.045533646757390224,0.19349072041999493,0.21347812593189897,0.04545217585226864,-0.11663079772671218,-0.11008630932370678
2023-04-11,29653.6796875,30235.05859375,20121259843,0.019629666758571807,0.0303885326361637,28447.000651041668,28132.274460565477,0,1.0,1,1.0,0.019439489564332186,0.21293020998432713,0.2372982971627584,0.01930091870119811,-0.09732987902551407,-0.09274332818285935
2023-04-12,30231.58203125,30139.052734375,18651929926,-0.003175315803583212,0.02479031168841761,28585.38134765625,28267.11328125,1,1.0,1,1.0,-0.0031803678161343176,0.2097498421681928,0.233369484326031,-0.01127149118652802,-0.1086013702120421,-0.10291204778832286
2023-04-13,29892.740234375,30399.06640625,17487721001,0.00862713483952482,0.022130292122653827,28751.050618489582,28365.451078869046,1,1.0,1,1.0,0.008590133768281546,0.21833997593647436,0.24400992917426678,0.017141465481228777,-0.09145990473081332,-0.08740209372282781
2023-04-14,30409.5625,30485.69921875,22659995079,0.002849851088919886,0.031989530112984,28941.583170572918,28507.94698660714,1,1.0,1,1.0,0.002845797962018112,0.22118577389849248,0.24755517222555135,0.0026662440556722822,-0.08879366067514104,-0.08496563833101223
2023-04-15,30490.75,30318.49609375,11940685378,-0.005484641300179338,0.011765483060323545,29152.272786458332,28642.413132440477,1,1.0,1,1.0,-0.0054997371675221595,0.2156860367309703,0.2407127796037105,-0.005748506083686041,-0.09454216675882708,-0.09021062905178856
2023-04-16,30315.9765625,30315.35546875,12854816417,-0.00010358775680330279,0.013187455839428042,29331.211588541668,28752.938151041668,1,1.0,1,1.0,-0.00010359312238552485,0.21558244360858478,0.24058425695003427,3.8590190191661494e-05,-0.09450357656863542,-0.09017551942949009
2023-04-17,30317.146484375,29445.044921875,17872186762,-0.028708571396173888,0.03565543775798097,29436.799967447918,28862.707496279763,3,1.0,0,1.0,-0.02912872327682135,0.18645372033176344,0.20496885523641484,-0.02905037222678494,-0.12355394879542037,-0.11622603858268699
2023-04-18,29449.091796875,30397.552734375,19480529496,0.032348662229154,0.04511953045976291,29632.917643229168,29011.727585565477,1,1.0,1,0.0,0.03183646099781629,0.21829018132957972,0.24394798573110799,0.0,-0.12355394879542037,-0.11622603858268699
2023-04-19,30394.1875,28822.6796875,24571565421,-0.0518092051895368,0.060731162120985394,29707.652669270832,29034.310360863095,3,1.0,0,1.0,-0.05319953662867234,0.1650906447009074,0.17950002929325404,-0.05305399326803734,-0.1766079420634577,-0.16189169286766913
2023-04-20,28823.68359375,28245.98828125,21340360360,-0.020008250880993006,0.03706291767455627,29732.502115885418,29044.425874255954,3,1.0,0,0.0,-0.020211126619281063,0.14487951808162633,0.1559002967930161,-0.0,-0.1766079420634577,-0.16189169286766913
2023-04-21,28249.23046875,27276.91015625,20759504330,-0.034308522518338824,0.04314632803851959,29644.490397135418,28987.208054315477,3,1.0,0,0.0,-0.034910877271712444,0.10996864080991389,0.11624306543153828,-0.0,-0.1766079420634577,-0.16189169286766913
2023-04-22,27265.89453125,27817.5,13125734602,0.01981858797984626,0.025858791933185854,29491.53369140625,28958.944475446428,1,1.0,1,0.0,0.019624756556398195,0.1295933973663121,0.13836542683068664,0.0,-0.1766079420634577,-0.16189169286766913
2023-04-23,27816.14453125,27591.384765625,12785446832,-0.008128524647254443,0.015325725119629263,29271.2275390625,28929.99572172619,1,1.0,1,1.0,-0.008161741227378502,0.12143165613893359,0.12911219540111096,-0.008100483537007703,-0.1847084256004654,-0.1686533520834983
2023-04-24,27591.73046875,27525.33984375,17703288330,-0.002393679129772508,0.03358346064562201,29053.418131510418,28917.382347470237,1,1.0,1,1.0,-0.0023965485595713668,0.11903510757936223,0.12640946310380774,-0.0027894105898806612,-0.18749783619034607,-0.1709690879564496
2023-04-25,27514.873046875,28307.59765625,17733373139,0.02841955147295372,0.04275027222717176,28879.129069010418,28924.025576636905,1,0.0,1,1.0,0.02802320777395386,0.1470583153533161,0.1584215148201087,0.028137178557067724,-0.15936065763327834,-0.14731122520926432
2023-04-26,28300.05859375,28422.701171875,31854242019,0.004066170397882152,0.09776150666943328,28707.212565104168,28935.678757440477,3,0.0,0,0.0,0.004057925868580612,0.1511162412218967,0.16313185409193998,0.0,-0.15936065763327834,-0.14731122520926432
2023-04-27,28428.46484375,29473.787109375,27153445027,0.036980508331842854,0.05170812990922058,28636.820149739582,29003.757161458332,1,0.0,1,0.0,0.03631313286229464,0.18742937408419136,0.20614506131321875,0.0,-0.15936065763327834,-0.14731122520926432
2023-04-28,29481.013671875,29340.26171875,17544464887,-0.00453030993708059,0.022232641730061342,28555.562337239582,29071.10965401786,1,0.0,1,0.0,-0.004540602889751968,0.1828887711944394,0.20068085035639083,-0.0,-0.15936065763327834,-0.14731122520926432
2023-04-29,29336.56640625,29248.48828125,10662634333,-0.0031279011203009244,0.012527900545474813,28539.1826171875,29133.047433035714,1,0.0,1,0.0,-0.0031328032278842735,0.1797559679665551,0.19692523937943718,-0.0,-0.15936065763327834,-0.14731122520926432
2023-04-30,29245.515625,29268.806640625,14652199272,0.000694680667924441,0.028783650274825323,28445.120442708332,29177.607235863095,1,0.0,1,0.0,0.0006944394889976754,0.18045040745555277,0.19775672020418478,-0.0,-0.15936065763327834,-0.14731122520926432
2023-05-01,29227.103515625,28091.568359375,18655599976,-0.04022160164248023,0.059577143616759365,28384.194498697918,29103.25427827381,3,0.0,0,0.0,-0.041052856211014906,0.13939755124453787,0.14958102653952854,-0.0,-0.15936065763327834,-0.14731122520926432
2023-05-02,28087.17578125,28680.537109375,16432924527,0.020966033026897257,0.03427773827107239,28420.406901041668,29029.229445684523,1,0.0,1,0.0,0.020749270291120427,0.1601468215356583,0.1736831803090506,0.0,-0.15936065763327834,-0.14731122520926432
2023-05-03,28680.494140625,29006.30859375,19122972518,0.01135862564681589,0.03836786211729337,28564.5234375,28975.289248511905,1,0.0,1,0.0,0.011294600825028724,0.17144142236068702,0.18701460818214555,0.0,-0.15936065763327834,-0.14731122520926432
2023-05-04,29031.3046875,28847.7109375,15548678514,-0.005467695268338013,0.022971547607476106,28650.374348958332,28901.415178571428,1,0.0,1,0.0,-0.005482697825375376,0.16595872453531163,0.18052437402554,-0.0,-0.15936065763327834,-0.14731122520926432
2023-05-05,28851.48046875,29534.384765625,17936566518,0.023803407820215394,0.028545116525596548,28812.291015625,28856.11449032738,0,0.0,1,0.0,0.02352452363535224,0.18948324817066386,0.20862487714217437,0.0,-0.15936065763327834,-0.14731122520926432
2023-05-06,29538.859375,28904.623046875,15913866714,-0.021323001096775096,0.04746080761871263,28927.231282552082,28788.787202380954,3,1.0,0,0.0,-0.02155362050914689,0.16792962766151698,0.182853367561282,-0.0,-0.15936065763327834,-0.14731122520926432
2023-05-07,28901.623046875,28454.978515625,11301355486,-0.015556145829018653,0.025179886251732286,28939.513020833332,28700.197823660714,1,1.0,1,0.0,-0.015678412319992844,0.15225121534152414,0.16445272808115297,-0.0,-0.15936065763327834,-0.14731122520926432
2023-05-08,28450.45703125,27694.2734375,19122903752,-0.026733637409259936,0.049547053881739966,28878.810709635418,28616.82775297619,3,1.0,0,1.0,-0.027097480312589104,0.12515373502893504,0.1333226710684079,-0.026909865035586254,-0.1862705226688646,-0.16995098246885432
2023-05-09,27695.068359375,27658.775390625,14128593256,-0.0012817829272578907,0.016284530847923806,28727.559733072918,28486.40978422619,1,1.0,1,0.0,-0.0012826051136456092,0.12387112991528942,0.13186999741755812,-0.0,-0.1862705226688646,-0.16995098246885432
2023-05-10,27654.63671875,27621.755859375,20656025026,-0.0013384371045779275,0.0535275720281807,28584.350911458332,28429.22293526786,3,1.0,0,1.0,-0.0013393336115541375,0.12253179630373529,0.130355060615456,-0.0012139428942012447,-0.18748446556306583,-0.170958003219016
2023-05-11,27621.0859375,27000.7890625,16724343943,-0.022481076150133283,0.03136885546875989,28397.042643229168,28369.927734375,3,1.0,0,0.0,-0.0227376278728039,0.09979416843093139,0.10494346242107122,-0.0,-0.18748446556306583,-0.170958003219016
2023-05-12,26987.662109375,26804.990234375,19313599897,-0.007251596524522896,0.04549027166990838,28191.724609375,28347.45535714286,3,0.0,0,0.0,-0.007278017155925187,0.0925161512750062,0.09693085824918435,-0.0,-0.18748446556306583,-0.170958003219016
2023-05-13,26807.76953125,26784.078125,9999171605,-0.0007801573211611013,0.011965515857123687,28082.76708984375,28298.244791666668,1,0.0,1,0.0,-0.0007804618022563855,0.09173568947274982,0.09607507960931372,-0.0,-0.18748446556306583,-0.170958003219016
2023-05-14,26788.974609375,26930.638671875,10014858959,0.005471927993601522,0.018364448661430277,27936.942220052082,28266.780691964286,1,0.0,1,0.0,0.0054570113859458225,0.09719270085869565,0.102072723520517,0.0,-0.18748446556306583,-0.170958003219016
2023-05-15,26931.384765625,27192.693359375,14413231792,0.009730726801279843,0.03288675141609443,27785.8076171875,28250.940383184523,1,0.0,1,0.0,0.009683688179724162,0.10687638903841981,0.1127966921082375,0.0,-0.18748446556306583,-0.170958003219016
2023-05-16,27171.513671875,27036.650390625,12732238816,-0.005738415341494774,0.01563890943052626,27634.885904947918,28190.419084821428,1,0.0,1,0.0,-0.005754943306692564,0.10112144573172725,0.10641100249827895,-0.0,-0.18748446556306583,-0.170958003219016
2023-05-17,27035.470703125,27398.802734375,15140006925,0.013394867282656264,0.032548063868896415,27456.920735677082,28141.662016369046,1,0.0,1,0.0,0.013305949198470446,0.1144273949301977,0.12123123103681399,0.0,-0.18748446556306583,-0.170958003219016
2023-05-18,27401.650390625,26832.208984375,15222938600,-0.02067950762275983,0.0398039651205675,27284.219563802082,28015.872581845237,3,0.0,0,0.0,-0.020896322938492334,0.09353107199170536,0.09804472124771202,-0.0,-0.18748446556306583,-0.170958003219016
2023-05-19,26826.75390625,26890.12890625,11258983301,0.0021585968530852817,0.016045124292381807,27153.8154296875,27899.19959077381,1,0.0,1,0.0,0.0021562704301694635,0.09568734242187482,0.10041495712754411,0.0,-0.18748446556306583,-0.170958003219016
2023-05-20,26888.841796875,27129.5859375,7044911360,0.008905016115201336,0.01161858350532663,27106.758138020832,27798.299479166668,1,0.0,1,0.0,0.008865600285434393,0.10455294270730922,0.11021417005417344,0.0,-0.18748446556306583,-0.170958003219016
2023-05-21,27118.423828125,26753.826171875,8647416921,-0.013850552916312875,0.020930757066139893,27031.345703125,27678.538504464286,1,0.0,1,0.0,-0.01394736681453699,0.09060557589277224,0.0948370899433979,-0.0,-0.18748446556306583,-0.170958003219016
2023-05-22,26749.892578125,26851.27734375,11056770492,0.0036425134576618667,0.01868191948718878,26967.13916015625,27619.477027529763,1,0.0,1,0.0,0.0036358955711424203,0.09424147146391466,0.09882504877746401,0.0,-0.18748446556306583,-0.170958003219016
2023-05-23,26855.9609375,27225.7265625,13697203143,0.013945303754316907,0.02306457942397766,26985.883951822918,27550.200334821428,0,0.0,1,0.0,0.013848962643426162,0.10809043410734083,0.11414849785551784,0.0,-0.18748446556306583,-0.170958003219016
2023-05-24,27224.603515625,26334.818359375,16299104428,-0.03272302765106416,0.04282550635477311,26946.702962239582,27422.986514136905,3,0.0,0,0.0,-0.03327040018789597,0.07482003391944486,0.07769018575280007,-0.0,-0.18748446556306583,-0.170958003219016
2023-05-25,26329.4609375,26476.20703125,13851122697,0.005368887301425707,0.027072603587934285,26921.047037760418,27310.057756696428,1,0.0,1,0.0,0.005354526205137628,0.08017456012458249,0.08347618290595937,0.0,-0.18748446556306583,-0.170958003219016
2023-05-26,26474.181640625,26719.291015625,12711619225,0.009181223884829448,0.021740123258261246,26903.434733072918,27176.005673363095,1,0.0,1,0.0,0.009139332662057487,0.08931389278663998,0.09342382031509944,0.0,-0.18748446556306583,-0.170958003219016
2023-05-27,26720.181640625,26868.353515625,7892015141,0.005578834405180588,0.01005750246661341,26876.406412760418,27079.040457589286,0,0.0,1,0.0,0.00556333034484893,0.09487722313148891,0.09952385074331738,0.0,-0.18748446556306583,-0.170958003219016
2023-05-28,26871.158203125,28085.646484375,14545229578,0.0453058267244435,0.05188636107430966,26963.82275390625,27061.453218005954,0,0.0,1,0.0,0.04430949975360071,0.13918672288508963,0.1493386878044869,0.0,-0.18748446556306583,-0.170958003219016
2023-05-29,28075.591796875,27745.884765625,15181308984,-0.0120973437068298,0.031496371531892775,26992.746256510418,27063.91090029762,3,0.0,0,0.0,-0.012171112107334788,0.12701561077775483,0.13543474266255928,-0.0,-0.18748446556306583,-0.170958003219016
2023-05-30,27745.123046875,27702.349609375,13251081851,-0.0015690671469931194,0.0165379698134831,27065.257975260418,27065.985863095237,1,0.0,1,0.0,-0.0015702994220325468,0.1254453113557223,0.13365316931029292,-0.0,-0.18748446556306583,-0.170958003219016
2023-05-31,27700.529296875,27219.658203125,15656371534,-0.01742420455507676,0.035926759847463074,27092.71875,27046.838355654763,3,1.0,0,0.0,-0.017577792723265092,0.1078675186324572,0.11390016459371921,-0.0,-0.18748446556306583,-0.170958003219016
2023-06-01,27218.412109375,26819.97265625,14678970415,-0.014683709247646393,0.025284636605616084,27066.917643229168,27038.228050595237,1,1.0,1,0.0,-0.014792581991188054,0.09307493664126915,0.09754397844591955,-0.0,-0.18748446556306583,-0.170958003219016
2023-06-02,26824.556640625,27249.58984375,14837415000,0.01601855426947596,0.027440321770531684,27108.231282552082,27059.399460565477,1,1.0,1,1.0,0.01589161106579633,0.10896654770706547,0.11512504622779218,0.01582104936557488,-0.17166341619749095,-0.15773738258106573
2023-06-03,27252.32421875,27075.12890625,8385597470,-0.0064023326039167605,0.013318820984433488,27126.885579427082,27073.25902157738,1,1.0,1,1.0,-0.006422915434419119,0.10254363227264636,0.10798564478688388,-0.006523472358935733,-0.1781868885564267,-0.16321397685739736
2023-06-04,27075.123046875,27119.06640625,9360912318,0.001622799291266075,0.016270812344185925,27117.997233072918,27082.231770833332,1,1.0,1,1.0,0.0016214839752998166,0.10416511624794618,0.10978368310597686,0.0017707714262867958,-0.1764161171301399,-0.16173090737670037
2023-06-05,27123.109375,25760.09765625,21513292646,-0.05011119223804861,0.06621353237652716,27070.103841145832,27014.01292782738,3,1.0,0,1.0,-0.051410345698891795,0.052754770549054385,0.054171099619203744,-0.0526465048868141,-0.22906262201695402,-0.2047212700124006
2023-06-06,25732.109375,27238.783203125,21929670693,0.057402171630208665,0.07387312507467758,27133.65185546875,27023.63829985119,2,1.0,0,0.0,0.05581511856233619,0.10856988911139057,0.11468281000715108,0.0,-0.22906262201695402,-0.2047212700124006
2023-06-07,27235.650390625,26345.998046875,19530045082,-0.03277624957004588,0.045328102289505345,27102.544108072918,26973.504743303572,3,1.0,0,0.0,-0.03332542412080894,0.07524446499058163,0.07814768803491656,-0.0,-0.22906262201695402,-0.2047212700124006
2023-06-08,26347.654296875,26508.216796875,11904824295,0.0061572444403654725,0.020987414174360897,27072.53271484375,26958.07654389881,1,1.0,1,0.0,0.006138366063704449,0.08138283105428608,0.08478610689296251,0.0,-0.22906262201695402,-0.2047212700124006
2023-06-09,26505.923828125,26480.375,11015551640,-0.0010503081775867784,0.01636240799440647,26938.760091145832,26938.564453125,1,1.0,1,1.0,-0.001050860137740086,0.080331970916546,0.08364674717396037,-0.0009119896745937729,-0.2299746116915478,-0.2054462253764231
2023-06-10,26481.76171875,25851.240234375,19872933189,-0.02375852931180167,0.04035823094844582,26780.873046875,26877.690848214286,3,0.0,0,1.0,-0.024045314677471934,0.05628665623907406,0.057900894167589145,-0.023989722448572684,-0.2539643341401205,-0.22428053174503582
2023-06-11,25854.03125,25940.16796875,10732609603,0.0034399794195076883,0.020820967301478976,26634.024576822918,26838.945219494046,1,0.0,1,0.0,0.0034340762243438776,0.059720732463417935,0.06154005147140462,0.0,-0.2539643341401205,-0.22428053174503582
2023-06-12,25934.28515625,25902.5,11677889997,-0.001452109670044499,0.016074760866689353,26524.261393229168,26793.76534598214,1,0.0,1,0.0,-0.0014531650030546537,0.05826756746036328,0.05999857889752347,-0.0,-0.2539643341401205,-0.22428053174503582
2023-06-13,25902.94140625,25918.728515625,14143474486,0.0006265231396582749,0.025185678227983344,26449.15771484375,26731.52734375,1,0.0,1,0.0,0.0006263269559741463,0.058893894416337425,0.06066269253520762,0.0,-0.2539643341401205,-0.22428053174503582
2023-06-14,25920.2578125,25124.67578125,14265717766,-0.030636253390914137,0.04576505764514893,26272.08154296875,26673.901506696428,3,0.0,0,0.0,-0.031115354032620144,0.02777854038371728,0.0281679615244097,-0.0,-0.2539643341401205,-0.22428053174503582
2023-06-15,25121.673828125,25576.39453125,15837384409,0.017979087727655774,0.037832571291297024,26147.18701171875,26631.053292410714,1,0.0,1,0.0,0.017819375410116443,0.045597915793833724,0.04665348350342202,0.0,-0.2539643341401205,-0.22428053174503582
2023-06-16,25575.283203125,26327.462890625,16324646965,0.029365685552642073,0.0482392222022876,26081.220052083332,26612.39481026786,1,0.0,1,0.0,0.0289427732653721,0.07454068905920583,0.07738918058256106,0.0,-0.2539643341401205,-0.22428053174503582
2023-06-17,26328.6796875,26510.67578125,11090276850,0.006959002900740696,0.022728324182507142,26143.768229166668,26595.36253720238,1,0.0,1,0.0,0.0069349007932065195,0.08147558985241235,0.08488673501546162,0.0,-0.2539643341401205,-0.22428053174503582
2023-06-18,26510.45703125,26336.212890625,9565695129,-0.006580854145875503,0.013296232261847729,26068.554036458332,26512.056175595237,1,0.0,1,0.0,-0.006602603438313832,0.07487298641409852,0.07774725364752988,-0.0,-0.2539643341401205,-0.22428053174503582
2023-06-19,26335.44140625,26851.029296875,12826986222,0.019547852547670663,0.025530482468674398,26110.639973958332,26469.444010416668,0,0.0,1,0.0,0.019359247201741925,0.09423223361584045,0.09881489804548882,0.0,-0.2539643341401205,-0.22428053174503582
2023-06-20,26841.6640625,28327.48828125,22211859147,0.05498705349618893,0.06450152664840192,26262.245930989582,26499.21251860119,0,0.0,1,0.0,0.05352849528514009,0.14776072890098052,0.15923549162672535,0.0,-0.2539643341401205,-0.22428053174503582
2023-06-21,28311.310546875,30027.296875,33346760979,0.06000562340273241,0.08676181225384294,26557.82275390625,26632.909598214286,2,0.0,0,0.0,0.05827421320682117,0.20603494210780168,0.22879613997236015,0.0,-0.2539643341401205,-0.22428053174503582
2023-06-22,29995.935546875,29912.28125,20653160491,-0.0038303689299371557,0.027522338678190428,26896.242838541668,26780.16238839286,1,1.0,1,0.0,-0.0038377235796951737,0.20219721852810651,0.22408939741658318,-0.0,-0.2539643341401205,-0.22428053174503582
2023-06-23,29896.3828125,30695.46875,24115570085,0.02618280743799839,0.05174444971614611,27292.517903645832,26944.251860119046,1,1.0,1,1.0,0.02584590576815378,0.22804312429626028,0.2561394943960371,0.026809751752956714,-0.22715458238716377,-0.20320239810576202
2023-06-24,30708.73828125,30548.6953125,12147822496,-0.0047815994828226405,0.016969279213956412,27679.700846354168,27109.65978422619,1,1.0,1,1.0,-0.004793067902493928,0.22325005639376636,0.25013313843928,-0.005341318995340482,-0.23249590138250426,-0.20744700228829605
2023-06-25,30545.150390625,30480.26171875,12703464114,-0.002240147837737516,0.023520491203353977,28059.82861328125,27269.716703869046,1,1.0,1,1.0,-0.0022426607224285255,0.22100739567133784,0.2473326553923212,-0.0021180258481670305,-0.2346139272306713,-0.20912387356825923
2023-06-26,30480.5234375,30271.130859375,16493186997,-0.006861189753050945,0.02270967307827343,28488.699869791668,27484.527808779763,1,1.0,1,1.0,-0.006884835938176551,0.2141225597331613,0.23877446935849767,-0.006788065084343549,-0.24140199231501483,-0.21447421241964126
2023-06-27,30274.3203125,30688.1640625,16428827944,0.013776598074988877,0.025470305367845336,28914.6806640625,27648.784040178572,1,1.0,1,1.0,0.013682563415242946,0.22780512314840423,0.2558405673284072,0.013850775280123483,-0.22755121703489134,-0.20351837297446673
2023-06-28,30696.560546875,30086.24609375,14571500779,-0.01961401038928634,0.026116625662460313,29227.91259765625,27826.891090029763,1,1.0,1,1.0,-0.01980891791303767,0.20799620523536655,0.23120849739354066,-0.02008443462233416,-0.2476356516572255,-0.2193556820672936
2023-06-29,30086.1875,30445.3515625,13180860821,0.011935868224670187,0.024588012128956116,29555.80224609375,28014.373697916668,1,1.0,1,1.0,0.011865197537731036,0.2198614027730976,0.2459040397755241,0.011735817647857591,-0.23589983400936793,-0.21014021294145457
2023-06-30,30441.353515625,30477.251953125,26387306197,0.0010477918298796851,0.05596528642938492,29900.888834635418,28204.701171875,3,1.0,0,1.0,0.0010472432791648364,0.22090864605226243,0.24720948784921504,0.001001232658464512,-0.2348986013509034,-0.20934898349075892
2023-07-01,30471.84765625,30590.078125,9086606733,0.0037019798257575953,0.010301204008480225,30212.476236979168,28430.36011904762,1,1.0,1,0.0,0.0036951443630783326,0.22460379041534076,0.2518266322117262,0.0,-0.2348986013509034,-0.20934898349075892
2023-07-02,30587.26953125,30620.76953125,10533418042,0.0010033124506771962,0.016591355065427527,30403.5830078125,28653.245907738095,1,1.0,1,1.0,0.001002809469143997,0.22560659988448475,0.2530826054579136,0.0012169584092892023,-0.2336816429416142,-0.20838620837759136
2023-07-03,30624.515625,31156.439453125,15271884873,0.01749367929268808,0.025798939292012157,30497.67822265625,28903.433500744046,1,1.0,1,1.0,0.017342426317960315,0.24294902620244507,0.2750036306850403,0.017233761294087015,-0.21644788164752718,-0.19462549137862495
2023-07-04,31156.865234375,30777.58203125,12810828427,-0.012159843310882601,0.021717410124738823,30569.78662109375,29134.807477678572,1,1.0,1,1.0,-0.012234379050443955,0.23071464715200113,0.25949978631510384,-0.012210921847937064,-0.22865880349546425,-0.20440005687994356
2023-07-05,30778.724609375,30514.166015625,12481622280,-0.0085586975402272,0.02156173940329209,30554.678059895832,29391.449869791668,1,1.0,1,1.0,-0.008595533521292817,0.2221191136307083,0.24872010859205207,-0.008862596685716592,-0.23752140018118084,-0.21141998495469427
2023-07-06,30507.150390625,29909.337890625,21129219509,-0.019821224171432172,0.05244929375190299,30501.398274739582,29597.78050595238,3,1.0,0,1.0,-0.020020299639946313,0.202098813990762,0.2239689473922737,-0.019835157340481076,-0.2573565575216619,-0.226907487333612
2023-07-07,29907.998046875,30342.265625,13384770155,0.014474667943441766,0.022075866606060535,30489.898600260418,29788.961588541668,1,1.0,1,0.0,0.01437090998029806,0.21646972397106004,0.24168549147886087,0.0,-0.2573565575216619,-0.226907487333612
2023-07-08,30346.921875,30292.541015625,7509378699,-0.0016387902600796256,0.009783104286060551,30491.682779947918,29969.05040922619,1,1.0,1,1.0,-0.0016401345457067653,0.21482958942535327,0.23965062938934323,-0.0018242711125290168,-0.25918082863419095,-0.2283165320412327
2023-07-09,30291.611328125,30171.234375,7903327692,-0.004004505286051452,0.011367502729679568,30448.605305989582,30151.670479910714,1,1.0,1,1.0,-0.004012544787339061,0.2108170446380142,0.23468644189109655,-0.003942431366587846,-0.2631232600007788,-0.23135285197618238
2023-07-10,30172.423828125,30414.470703125,14828209155,0.008061862007427312,0.03470654528291828,30475.957356770832,30321.35816592262,1,1.0,1,1.0,0.008029538805166095,0.2188465834431803,0.24464031360806393,0.008094078028294862,-0.2550291819724839,-0.22510611530088853
2023-07-11,30417.6328125,30620.951171875,12151839152,0.006788889103658935,0.014171401704626607,30490.590657552082,30430.57068452381,1,1.0,1,1.0,0.006765948365584515,0.22561253180876484,0.25309003867109237,0.006704274363479956,-0.24832490760900397,-0.2198935604204283
2023-07-12,30622.24609375,30391.646484375,14805659717,-0.007488490028050299,0.02418647240540972,30483.456868489582,30447.92066592262,1,1.0,1,1.0,-0.007516669538967959,0.21809586226979688,0.24370628641225478,-0.007695787353746351,-0.2560206949627503,-0.22587405188118503
2023-07-13,30387.48828125,31476.048828125,23686079548,0.03568093437476372,0.051081872077089585,30557.287760416668,30522.385788690477,1,1.0,1,1.0,0.03505911799946575,0.25315498026926264,0.2880828887992115,0.035153752282632886,-0.22086694268011742,-0.19817663833980892
2023-07-14,31474.720703125,30334.068359375,20917902660,-0.036280934592069825,0.05392265683099362,30533.39599609375,30505.176246279763,3,1.0,0,1.0,-0.036955452769762046,0.2161995274995006,0.24135003776152297,-0.03698859293178586,-0.2578555356119033,-0.22729314733321537
2023-07-15,30331.783203125,30295.806640625,8011667756,-0.001261344778969442,0.004768732510769924,30461.676595052082,30493.133928571428,1,0.0,1,0.0,-0.0012621409438578614,0.21493738655564276,0.239784267372519,-0.0,-0.2578555356119033,-0.22729314733321537
2023-07-16,30297.47265625,30249.1328125,8516564470,-0.001540603578530031,0.01156179598856566,30417.63916015625,30482.127790178572,1,0.0,1,0.0,-0.0015417915284865274,0.21339559502715624,0.23787425129359963,-0.0,-0.2578555356119033,-0.22729314733321537
2023-07-17,30249.626953125,30145.888671875,13240156074,-0.0034131272874816654,0.021916793740901275,30386.949381510418,30476.163876488095,1,0.0,1,0.0,-0.003418965294113633,0.2099766297330426,0.23364922890803852,-0.0,-0.2578555356119033,-0.22729314733321537
2023-07-18,30147.0703125,29856.5625,13138897269,-0.009597533349379406,0.02291307060891401,30382.551432291668,30436.563802083332,1,0.0,1,0.0,-0.009643886494910275,0.20033274323813233,0.22180923929215735,-0.0,-0.2578555356119033,-0.22729314733321537
2023-07-19,29862.046875,29913.923828125,12128602812,0.0019212301525000086,0.013086815535653162,30346.856282552082,30428.357979910714,1,0.0,1,0.0,0.0019193869502834365,0.20225213018841576,0.22415661604328863,0.0,-0.2578555356119033,-0.22729314733321537
2023-07-20,29915.25,29792.015625,14655207121,-0.0040752996439197275,0.018808075675935676,30305.145833333332,30397.246744791668,1,0.0,1,0.0,-0.004083626307646249,0.1981685038807695,0.21916781102182537,-0.0,-0.2578555356119033,-0.22729314733321537
2023-07-21,29805.111328125,29908.744140625,10972789818,0.0039181140710413676,0.01049801717476373,30283.271647135418,30370.174944196428,1,0.0,1,0.0,0.003910458253167224,0.20207896213393672,0.22394464957715066,0.0,-0.2578555356119033,-0.22729314733321537
2023-07-22,29908.697265625,29771.802734375,7873300598,-0.004578641136054662,0.011040075638512725,30229.715983072918,30331.209449404763,1,0.0,1,0.0,-0.004589155219131938,0.19748980691480478,0.21834064625634286,-0.0,-0.2578555356119033,-0.22729314733321537
2023-07-23,29790.111328125,30084.5390625,9220145050,0.010504447141318263,0.019807768257530167,30185.014973958332,30305.674665178572,0,0.0,1,0.0,0.010449658783391701,0.2079394656981965,0.231138641175062,0.0,-0.2578555356119033,-0.22729314733321537
2023-07-24,30081.662109375,29176.916015625,15395817395,-0.03016908602087709,0.04005971503728234,30083.787434895832,30211.411644345237,3,0.0,0,0.0,-0.030633538164858885,0.1773059275333376,0.1939963136058258,-0.0,-0.2578555356119033,-0.22729314733321537
2023-07-25,29178.970703125,29227.390625,10266772793,0.0017299501204297574,0.010003517481155466,29896.399251302082,30137.59300595238,1,0.0,1,0.0,0.0017284554802405464,0.17903438301357816,0.1960618676723409,0.0,-0.2578555356119033,-0.22729314733321537
2023-07-26,29225.759765625,29354.97265625,13497554655,0.004365152978824893,0.01929114242325225,29814.807942708332,30082.39332217262,1,0.0,1,0.0,0.004355653333464597,0.18339003634704276,0.20128286069686974,0.0,-0.2578555356119033,-0.22729314733321537
2023-07-27,29353.798828125,29210.689453125,10770779217,-0.004915119656712763,0.015863419959153857,29724.381510416668,30049.124348958332,1,0.0,1,0.0,-0.004927238584293436,0.17846279776274931,0.19537841169498638,-0.0,-0.2578555356119033,-0.22729314733321537
2023-07-28,29212.1640625,29319.24609375,11218474952,0.0037163327075591113,0.013584771847759525,29646.890950520832,30000.409133184523,1,0.0,1,0.0,0.0037094442045335473,0.18217224196728285,0.19982083558427854,0.0,-0.2578555356119033,-0.22729314733321537
2023-07-29,29319.4453125,29356.91796875,6481775959,0.001284885528077373,0.004533795164507914,29581.143391927082,29955.855654761905,1,0.0,1,0.0,0.0012840607690722545,0.1834563027363551,0.20136246801220659,0.0,-0.2578555356119033,-0.22729314733321537
2023-07-30,29357.09375,29275.30859375,8678454527,-0.002779902682116475,0.013202840481192135,29532.70556640625,29913.192522321428,1,0.0,1,0.0,-0.0027837737874393067,0.1806725289489158,0.19802279726518535,-0.0,-0.2578555356119033,-0.22729314733321537
2023-07-31,29278.314453125,29230.111328125,11656781982,-0.0015438698273756435,0.01229919369069532,29475.72119140625,29856.794456845237,1,0.0,1,0.0,-0.0015450628224417467,0.17912746612647407,0.19617320601597954,-0.0,-0.2578555356119033,-0.22729314733321537
2023-08-01,29230.873046875,29675.732421875,18272392391,0.015245275282999904,0.035548318079746455,29466.030924479168,29811.784040178572,1,0.0,1,0.0,0.01513023382608844,0.1942576999525625,0.21440919582784157,0.0,-0.2578555356119033,-0.22729314733321537
2023-08-02,29704.146484375,29151.958984375,19212655598,-0.01764989082843693,0.03597975333408954,29402.965494791668,29752.751302083332,3,0.0,0,0.0,-0.01780750751690934,0.17645019243565316,0.19297500610043028,-0.0,-0.2578555356119033,-0.22729314733321537
2023-08-03,29161.8125,29178.6796875,12780357746,0.0009166006009861949,0.014372448365031376,29353.53857421875,29643.35277157738,1,0.0,1,0.0,0.0009161807791750279,0.17736637321482818,0.19406848770798346,0.0,-0.2578555356119033,-0.22729314733321537
2023-08-04,29174.3828125,29074.091796875,12036639988,-0.0035843942133476636,0.014427465493277225,29269.334635416668,29583.35388764881,1,0.0,1,0.0,-0.0035908335462961935,0.173775539668532,0.1897884755303021,-0.0,-0.2578555356119033,-0.22729314733321537
2023-08-05,29075.388671875,29042.126953125,6598366353,-0.0010994270766331304,0.004995820965748132,29258.102213541668,29523.654854910714,0,0.0,1,0.0,-0.0011000318899209226,0.17267550777861107,0.18848038986483817,-0.0,-0.2578555356119033,-0.22729314733321537
2023-08-06,29043.701171875,29041.85546875,7269806994,-9.347950838400898e-06,0.006801181133556655,29242.640950520832,29466.165457589286,0,0.0,1,0.0,-9.347994530765627e-06,0.17266615978408031,0.1884692800085812,-0.0,-0.2578555356119033,-0.22729314733321537
2023-08-07,29038.513671875,29180.578125,13618163710,0.004776645775930843,0.018108135306484918,29228.108072916668,29420.198288690477,1,0.0,1,0.0,0.004765273802377892,0.17743143358645821,0.19414617677475787,0.0,-0.2578555356119033,-0.22729314733321537
2023-08-08,29180.01953125,29765.4921875,17570561357,0.020044635853149417,0.036511272804409245,29274.341634114582,29415.86160714286,1,0.0,1,0.0,0.01984638697905339,0.1972778205655116,0.2180824020436385,0.0,-0.2578555356119033,-0.22729314733321537
2023-08-09,29766.6953125,29561.494140625,18379521213,-0.006853508270246889,0.024394581661948633,29294.528971354168,29399.079241071428,1,0.0,1,0.0,-0.006877101417061734,0.19040071914844986,0.20973426422739005,-0.0,-0.2578555356119033,-0.22729314733321537
2023-08-10,29563.97265625,29429.591796875,11865344789,-0.004461964714047806,0.011382165859796789,29300.585123697918,29381.820963541668,1,0.0,1,0.0,-0.004471948989328098,0.18592877015912176,0.20433647262703292,-0.0,-0.2578555356119033,-0.22729314733321537
2023-08-11,29424.90234375,29397.71484375,10195168197,-0.001083159880198692,0.009033302018099931,29310.78564453125,29357.486235119046,1,0.0,1,0.0,-0.0010837469218066252,0.18484502323731514,0.20303198367762332,-0.0,-0.2578555356119033,-0.22729314733321537
2023-08-12,29399.787109375,29415.96484375,6194358008,0.0006207965516027425,0.003662609851517784,29326.2734375,29340.541573660714,1,0.0,1,0.0,0.0006206039371356436,0.18546562717445078,0.2037788217845582,0.0,-0.2578555356119033,-0.22729314733321537
2023-08-13,29416.59375,29282.9140625,7329897180,-0.004523080645381872,0.0060010972969801735,29293.53857421875,29302.368954613095,1,0.0,1,0.0,-0.004533340724443713,0.18093228645000706,0.19833403309442388,-0.0,-0.2578555356119033,-0.22729314733321537
2023-08-14,29283.263671875,29408.443359375,14013695304,0.004286776125049352,0.018409095451027202,29314.912272135418,29313.394066220237,1,1.0,1,0.0,0.004277614074716283,0.18520990052472333,0.2034710228173271,0.0,-0.2578555356119033,-0.22729314733321537
2023-08-15,29408.048828125,29170.34765625,12640195779,-0.008096168172366025,0.012041298841044101,29314.217936197918,29310.677734375,1,1.0,1,1.0,-0.008129120118753778,0.17708078040596956,0.1937275190260288,-0.008159360608980747,-0.26601489622088403,-0.23357228946048325
2023-08-16,29169.07421875,28701.779296875,14949271904,-0.016063173634291772,0.01812421662937247,29283.19189453125,29279.573288690477,1,1.0,1,1.0,-0.016193584838703763,0.1608871955672658,0.1745524666158813,-0.01621879655646565,-0.28223369277734967,-0.24590256318441994
2023-08-17,28699.802734375,26664.55078125,31120851211,-0.07097917151940503,0.1313243857453017,29085.060546875,29158.328590029763,3,0.0,0,1.0,-0.07362412009606191,0.08726307547120389,0.09118370562941247,-0.07462363207063483,-0.3568573248479845,-0.30012765499520555
2023-08-18,26636.078125,26049.556640625,24026236529,-0.02306411031148714,0.044383377028763604,28835.702311197918,29002.629092261905,3,0.0,0,0.0,-0.023334248653811243,0.06392882681739265,0.06601652427267823,-0.0,-0.3568573248479845,-0.30012765499520555
2023-08-19,26047.83203125,26096.205078125,10631443812,0.0017907574452629138,0.017325553960147788,28578.671223958332,28847.35704985119,1,0.0,1,0.0,0.0017891559507894222,0.06571798276818207,0.06792550130029285,0.0,-0.3568573248479845,-0.30012765499520555
2023-08-20,26096.861328125,26189.583984375,9036580420,0.00357825614760654,0.009858640494527338,28280.678873697918,28700.417782738095,1,0.0,1,0.0,0.003571869420107809,0.06928985218828988,0.0717468122905065,0.0,-0.3568573248479845,-0.30012765499520555
2023-08-21,26188.69140625,26124.140625,13371557893,-0.002498831574187843,0.014474657937911806,27994.232747395832,28552.51441592262,1,0.0,1,0.0,-0.002501958864606914,0.06678789332368297,0.06906869751641986,-0.0,-0.3568573248479845,-0.30012765499520555
2023-08-22,26130.748046875,26031.65625,14503820706,-0.0035401882238949023,0.02408941016313859,27711.071451822918,28378.986979166668,1,0.0,1,0.0,-0.0035464695192522202,0.06324142380443075,0.06528399310293742,-0.0,-0.3568573248479845,-0.30012765499520555
2023-08-23,26040.474609375,26431.640625,16985265785,0.015365306423789304,0.038050783373103414,27463.898600260418,28249.44800967262,1,0.0,1,0.0,0.015248455549160829,0.07848987935359159,0.08165240808532204,0.0,-0.3568573248479845,-0.30012765499520555
2023-08-24,26431.51953125,26162.373046875,12871532023,-0.01018731988472621,0.024695589730881817,27192.765950520832,28105.814360119046,1,0.0,1,0.0,-0.01023956576112509,0.0682503135924665,0.07063326900007239,-0.0,-0.3568573248479845,-0.30012765499520555
2023-08-25,26163.6796875,26047.66796875,12406045118,-0.004384352975912553,0.01788864039031579,26923.162109375,27961.69893973214,1,0.0,1,0.0,-0.004393992436939317,0.06385632115552718,0.06593923484102104,-0.0,-0.3568573248479845,-0.30012765499520555
2023-08-26,26047.234375,26008.462890625,6034817316,-0.0015051281432193475,0.004753172527497185,26639.830403645832,27817.238746279763,0,0.0,1,0.0,-0.0015062619864454853,0.0623500591690817,0.06433485969969999,-0.0,-0.3568573248479845,-0.30012765499520555
2023-08-27,26008.2421875,26089.693359375,6913768611,0.0031232321991347956,0.007713253894764183,26383.109212239582,27676.659598214286,0,0.0,1,0.0,0.003118365040993392,0.0654684242100751,0.06765902460417572,0.0,-0.3568573248479845,-0.30012765499520555
2023-08-28,26089.615234375,26106.150390625,11002805166,0.0006307866874213364,0.012286365865720406,26166.806803385418,27530.258277529763,0,0.0,1,0.0,0.0006305878251208892,0.06609901203519598,0.06833248970360128,0.0,-0.3568573248479845,-0.30012765499520555
2023-08-29,26102.486328125,27727.392578125,29368391712,0.062101924766441385,0.08400185840850716,26255.376953125,27433.205915178572,2,0.0,0,0.0,0.060249892570851026,0.126348904606047,0.13467799360471933,0.0,-0.3568573248479845,-0.30012765499520555
2023-08-30,27726.083984375,27297.265625,16343655235,-0.015512708305083889,0.025525429104825026,26359.352701822918,27325.38550967262,1,0.0,1,0.0,-0.015634289371322937,0.11071461523472406,0.11707606486973154,-0.0,-0.3568573248479845,-0.30012765499520555
2023-08-31,27301.9296875,25931.47265625,20181001451,-0.0500340578984273,0.06613416252701843,26345.625,27158.808407738095,3,0.0,0,0.0,-0.05132914544958933,0.05938546978513473,0.061184216363092014,-0.0,-0.3568573248479845,-0.30012765499520555
2023-09-01,25934.021484375,25800.724609375,17202862221,-0.005042060225742162,0.03009389745115687,26313.220052083332,26987.52315848214,1,0.0,1,0.0,-0.005054814300673318,0.054330655484461414,0.05583366163358239,-0.0,-0.3568573248479845,-0.30012765499520555
2023-09-02,25800.91015625,25868.798828125,10100387473,0.0026384615075991658,0.008433604457716903,26291.941569010418,26818.610491071428,0,0.0,1,0.0,0.0026349868784771645,0.05696564236293858,0.058619438108230115,0.0,-0.3568573248479845,-0.30012765499520555
2023-09-03,25869.47265625,25969.56640625,8962524523,0.0038953327054152,0.010462751696130868,26286.767415364582,26660.83203125,0,0.0,1,0.0,0.0038877655416867615,0.06085340790462534,0.06274311302808133,0.0,-0.3568573248479845,-0.30012765499520555
2023-09-04,25968.169921875,25812.416015625,10680635106,-0.006051329012069284,0.016545175971767634,26235.165364583332,26489.592633928572,1,0.0,1,0.0,-0.006069712504034206,0.05478369540059113,0.0563121047958377,-0.0,-0.3568573248479845,-0.30012765499520555
2023-09-05,25814.95703125,25779.982421875,11094740040,-0.0012565113521479931,0.010487957860717323,26203.299479166668,26328.146670386905,1,0.0,1,0.0,-0.0012573014244295709,0.05352639397616156,0.05498483664475029,-0.0,-0.3568573248479845,-0.30012765499520555
2023-09-06,25783.931640625,25753.236328125,12752705327,-0.0010374752516241204,0.021596933105108018,26178.763509114582,26187.73986235119,1,0.0,1,0.0,-0.001038013801593385,0.052488380174568174,0.05389031598589278,-0.0,-0.3568573248479845,-0.30012765499520555
2023-09-07,25748.3125,26240.1953125,11088307100,0.018908652030005024,0.03128300801462913,26198.074544270832,26167.53245907738,1,1.0,1,0.0,0.01873210550195057,0.07122048567651874,0.07381796124866202,0.0,-0.3568573248479845,-0.30012765499520555
2023-09-08,26245.208984375,25905.654296875,10817356400,-0.012749181613965876,0.028683709506521327,26182.737955729168,26160.67996651786,1,1.0,1,1.0,-0.012831149860508746,0.058389335816009996,0.060127661040364266,-0.013031021109655571,-0.3698883459576401,-0.3091885417767096
2023-09-09,25905.42578125,25895.677734375,5481314132,-0.0003851113886439439,0.004319267243300562,26165.198567708332,26151.131045386905,1,1.0,1,1.0,-0.00038518556307899995,0.05800415025293099,0.059719393804681165,-0.00039439066889723404,-0.3702827366265373,-0.30946093765107385
2023-09-10,25895.2109375,25832.2265625,7899553047,-0.0024502611024840304,0.013177289074936649,26007.26806640625,26134.11402529762,1,0.0,1,1.0,-0.0024532679048573473,0.05555088234807365,0.05712280459449359,-0.0024550512014146755,-0.37273778782795197,-0.311154167072791
2023-09-11,25831.71484375,25162.654296875,14600006467,-0.02592003689674205,0.03825266884732992,25829.3837890625,26088.328962053572,3,0.0,0,0.0,-0.026261881067480307,0.029289001280593342,0.029722142495016923,-0.0,-0.37273778782795197,-0.311154167072791
2023-09-12,25160.658203125,25833.34375,18657279324,0.026654161568650414,0.05247512149389788,25821.206380208332,26078.88550967262,1,0.0,1,0.0,0.0263051279529175,0.05559412923351084,0.05716852285189589,0.0,-0.37273778782795197,-0.311154167072791
2023-09-13,25837.5546875,26228.32421875,13072077070,0.01528956036711282,0.023078522735149765,25856.839680989582,26069.203776041668,1,0.0,1,0.0,0.015173852958685846,0.07076798219219668,0.0733321648002514,0.0,-0.37273778782795197,-0.311154167072791
2023-09-14,26228.27734375,26539.673828125,13811359124,0.011870739692642074,0.02304694038701971,25912.745930989582,26087.170479910714,1,0.0,1,0.0,0.011800835130971608,0.08256881732316829,0.08607341153233516,0.0,-0.37273778782795197,-0.311154167072791
2023-09-15,26533.818359375,26608.693359375,11479735788,0.0026006171627044328,0.02285750182784252,25966.006510416668,26113.88597470238,1,0.0,1,0.0,0.0025972414093191217,0.0851660587324874,0.08889787268632321,0.0,-0.37273778782795197,-0.311154167072791
2023-09-16,26606.19921875,26568.28125,7402031417,-0.001518755875352329,0.01060965727435459,26028.995279947918,26140.543991815477,1,0.0,1,0.0,-0.0015199103541191222,0.08364614837836828,0.08724410264452209,-0.0,-0.37273778782795197,-0.311154167072791
2023-09-17,26567.927734375,26534.1875,6774210670,-0.0012832501161511578,0.0065389806318787436,26091.845703125,26161.710379464286,1,0.0,1,0.0,-0.0012840741866492755,0.08236207419171901,0.0858488965235189,-0.0,-0.37273778782795197,-0.311154167072791
2023-09-18,26532.994140625,26754.28125,15615339655,0.008294723552398242,0.03782696367487626,26175.26611328125,26192.573753720237,1,0.0,1,0.0,0.008260511389751386,0.09062258558147039,0.09485571293985817,0.0,-0.37273778782795197,-0.311154167072791
2023-09-19,26760.8515625,27211.1171875,13807690550,0.017075246134672373,0.03025148558134405,26256.17626953125,26167.989211309523,1,1.0,1,0.0,0.016931102662432373,0.10755368824390277,0.11355064372025847,0.0,-0.37273778782795197,-0.311154167072791
2023-09-20,27210.228515625,27132.0078125,13281116604,-0.00290724465500225,0.019186355503434838,26358.372395833332,26160.119791666668,1,1.0,1,1.0,-0.0029114788993918343,0.10464220934451093,0.11031327956322845,-0.0029587276183513224,-0.3756965154463033,-0.31318926213286546
2023-09-21,27129.83984375,26567.6328125,13371443708,-0.02080107760178318,0.028937434841683096,26414.36865234375,26190.413132440477,3,1.0,0,1.0,-0.021020467716698094,0.08362174162781284,0.08721756687274329,-0.02107517545497295,-0.39677169090127623,-0.32751245686785513
2023-09-22,26564.056640625,26579.568359375,10578746709,0.0004492514240630463,0.008701275045402967,26476.647135416668,26227.500930059523,0,1.0,1,0.0,0.0004491505408555205,0.08407089216866837,0.08770600091292735,0.0,-0.39677169090127623,-0.32751245686785513
2023-09-23,26578.556640625,26579.390625,7404700301,-6.686879658768241e-06,0.0042859648918665005,26594.70849609375,26261.33863467262,0,1.0,1,1.0,-6.686902016047694e-06,0.08406420526665231,0.08769872755379504,3.0716254559300304e-05,-0.3967409746467169,-0.32749180025204694
2023-09-24,26579.373046875,26256.826171875,8192867686,-0.01213588594546644,0.01887825993815495,26629.998697916668,26275.017671130954,1,1.0,1,1.0,-0.012210127075315798,0.07185407819133652,0.07449853985317323,-0.012325662505014027,-0.40906663715173097,-0.3357300342111653
2023-09-25,26253.775390625,26298.48046875,11997833257,0.0015864178176880905,0.015763779678915624,26635.845052083332,26298.163597470237,1,1.0,1,1.0,0.001585160786217759,0.07343923897755428,0.07620314348187618,0.0015597934970181127,-0.40750684365471285,-0.3346931017482414
2023-09-26,26294.7578125,26217.25,9985498161,-0.0030887894396227633,0.011466604084532372,26608.976399739582,26318.985863095237,1,1.0,1,1.0,-0.003093569595525136,0.07034566938202914,0.07287897857740044,-0.0032477306523468557,-0.4107545743070597,-0.33685033440343914
2023-09-27,26209.498046875,26352.716796875,11718380997,0.005167086436411061,0.027052367890960216,26587.64501953125,26347.532552083332,1,1.0,1,1.0,0.005153782852789497,0.07549945223481865,0.07842263699551832,0.005566972951330185,-0.4051876013557295,-0.3331483031593362
2023-09-28,26355.8125,27021.546875,14079002707,0.02537992888096885,0.035407236823021826,26625.417154947918,26384.739769345237,1,1.0,1,1.0,0.02506320623495958,0.10056265846977823,0.10579292682609154,0.025067670656807928,-0.3801199306989216,-0.31622060184649636
2023-09-29,27024.841796875,26911.720703125,10396435377,-0.004064392478456136,0.018867535628108723,26656.878255208332,26432.64769345238,1,1.0,1,1.0,-0.004072674570297436,0.0964899838994808,0.10129855037156954,-0.004195765175337932,-0.3843156958742595,-0.3190835692633114
2023-09-30,26911.689453125,26967.916015625,5331172801,0.0020881352448591795,0.007543099691206923,26674.68115234375,26483.70665922619,0,1.0,1,1.0,0.002085958120685116,0.09857594202016591,0.10359821068971264,0.0020678543494590707,-0.38224784152480046,-0.31767407644972356
2023-10-01,26967.396484375,27983.75,9503917434,0.037668241913332734,0.040131309806775706,26739.067220052082,26586.16015625,0,1.0,1,1.0,0.036976120856382695,0.1355520628765486,0.14516881506509405,0.036746954676622014,-0.3455008868481784,-0.29213429596583107
2023-10-02,27976.798828125,27530.78515625,19793041322,-0.016186709920936293,0.04192923801892956,26772.298665364582,26698.928292410714,3,1.0,0,1.0,-0.01631914578851585,0.11923291708803277,0.126632299645133,-0.01688952272126125,-0.3623904095694397,-0.30398941440102034
2023-10-03,27508.251953125,27429.978515625,11407814187,-0.003661597010505724,0.016578094530640408,26844.160807291668,26774.958519345237,1,1.0,1,0.0,-0.0036683170659445614,0.11556460002208821,0.12250702618481313,-0.0,-0.3623904095694397,-0.30398941440102034
2023-10-04,27429.07421875,27799.39453125,11143355314,0.013467601347721292,0.021232769193385792,26945.81298828125,26849.771391369046,1,1.0,1,1.0,0.013377719302482879,0.1289423193245711,0.1376245033234864,0.013383778202514539,-0.34900663136692517,-0.2946115474352091
2023-10-05,27798.646484375,27415.912109375,11877253670,-0.01379463216164356,0.026164165342257073,27015.523111979168,26891.497023809523,1,1.0,1,1.0,-0.013890662255842758,0.11505165706872833,0.12193139176206635,-0.014001969389433105,-0.36300860075635827,-0.3044195490446183
2023-10-06,27412.123046875,27946.59765625,13492391599,0.01935684447622399,0.03810263877867981,27156.33740234375,26955.20675223214,1,1.0,1,1.0,0.019171883788155934,0.13422354085688426,0.14364844322539816,0.019316669458314093,-0.34369193129804415,-0.29085263949147155
2023-10-07,27946.78125,27968.83984375,6553044316,0.0007958817661306572,0.005657178725459122,27295.534016927082,27021.90001860119,1,1.0,1,1.0,0.0007955652201821253,0.13501910607706638,0.14455865216822494,0.0008904567998564359,-0.3428014744981877,-0.29022089317254707
2023-10-08,27971.677734375,27935.08984375,7916875290,-0.001206700034343422,0.013031693730836569,27438.687337239582,27088.60965401786,1,1.0,1,1.0,-0.0012074286830624696,0.1338116773940039,0.14317751320334549,-0.0013309835628994003,-0.3441324580610871,-0.2911649690828939
2023-10-09,27934.47265625,27583.677734375,12007668568,-0.012579594744121514,0.025159111095341302,27541.267415364582,27128.10472470238,1,1.0,1,1.0,-0.012659387727925962,0.12115228966607794,0.1287968033666549,-0.01243707093312571,-0.3565695289942128,-0.299926205649391
2023-10-10,27589.201171875,27391.01953125,9973350678,-0.006984500217130485,0.015170998609502107,27572.056803385418,27136.67150297619,1,1.0,1,1.0,-0.0070090060125914885,0.11414328365348644,0.12091272184844426,-0.00717065350879549,-0.36374018250300827,-0.3049282369097974
2023-10-11,27392.076171875,26873.3203125,13648094333,-0.018900326735168282,0.03437416516738412,27568.856770833332,27124.353050595237,3,1.0,0,1.0,-0.019081220842271783,0.09506206281121465,0.09972710516390193,-0.019120813774169396,-0.3828609962771777,-0.31809231959542883
2023-10-12,26873.29296875,26756.798828125,9392909295,-0.0043359541366684295,0.013672519058145927,27551.263671875,27133.36095610119,1,1.0,1,0.0,-0.00434538164717781,0.09071668116403685,0.09495873887305994,-0.0,-0.3828609962771777,-0.31809231959542883
2023-10-13,26752.87890625,26862.375,15165312851,0.003945769916393171,0.015227838289409323,27457.815755208332,27146.827938988095,1,1.0,1,1.0,0.0039380057832304975,0.09465468694726735,0.09927919412459718,0.004227017069056859,-0.3786339792081208,-0.3152037835461957
2023-10-14,26866.203125,26861.70703125,5388116782,-2.4866332556272575e-05,0.005758584632256092,27402.059244791668,27160.271577380954,0,1.0,1,1.0,-2.4866641728645306e-05,0.09462982030553871,0.09925185908258394,-0.000304942802321081,-0.3789389220104419,-0.31541257538705747
2023-10-15,26858.01171875,27159.65234375,7098201980,0.011091823470242623,0.01757316891808336,27379.532063802082,27203.26329985119,0,1.0,1,1.0,0.011030760315870677,0.10566058062140939,0.11144456665286384,0.01127792683309992,-0.36766099517734196,-0.3076481474738072
2023-10-16,27162.62890625,28519.466796875,27833876539,0.05006744695824206,0.08542667298835593,27439.5380859375,27309.024553571428,3,1.0,0,1.0,0.04885439730476576,0.15451497792617513,0.1670917585407825,0.0488370518862978,-0.3188239432910442,-0.27299646811086486
2023-10-17,28522.09765625,28415.748046875,14872527508,-0.0036367703063566736,0.018091890763294316,27522.857747395832,27413.714936755954,1,1.0,1,0.0,-0.0036433994327744555,0.1508715784934007,0.1628473138885278,-0.0,-0.3188239432910442,-0.27299646811086486
2023-10-18,28413.53125,28328.341796875,12724128586,-0.0030759792019486865,0.025369185087475543,27554.669759114582,27507.792317708332,1,1.0,1,1.0,-0.0030807197496875486,0.14779085874371314,0.1592704197359649,-0.002858892785535513,-0.3216828360765797,-0.27507192509513667
2023-10-19,28332.416015625,28719.806640625,14448058195,0.013818840741083749,0.02535618657349037,27617.250325520832,27588.66183035714,1,1.0,1,1.0,0.013724231161473081,0.16151508990518623,0.17529019304214533,0.01403317100815785,-0.30764966506842184,-0.264827170378258
2023-10-20,28732.8125,29682.94921875,21536125230,0.033535830870205396,0.05252896141130314,27762.9052734375,27720.625093005954,1,1.0,1,1.0,0.03298576898255148,0.19450085888773772,0.21470452617941782,0.032547559781052594,-0.2751021052873692,-0.2405054291456301
2023-10-21,29683.380859375,29918.412109375,11541146996,0.007932597562652743,0.027329802856732588,27957.466471354168,27861.124906994046,1,1.0,1,1.0,0.007901299916077796,0.2024021588038155,0.22434028834313202,0.007894853217882422,-0.2672072520694868,-0.23448559942023495
2023-10-22,29918.654296875,29993.896484375,10446520040,0.002523007395046406,0.016120997844487617,28174.372884114582,27956.846168154763,1,1.0,1,1.0,0.002519829955235934,0.20492198875905146,0.22742930794467497,0.007393762970825228,-0.2598134890986616,-0.22880459125833108
2023-10-23,30140.685546875,33086.234375,38363572311,0.10309890521346299,0.14195739829649257,28692.11572265625,28221.39136904762,3,1.0,0,1.0,0.09812340552916099,0.3030453942882124,0.3539759258206894,0.0929714498665774,-0.16684203923208418,-0.15366671176482005
2023-10-24,33077.3046875,33901.52734375,44934999645,0.02464145540134477,0.0690273508385828,29287.509765625,28529.560360863095,1,1.0,1,0.0,0.024342751787773464,0.3273881460759859,0.3873398632112943,0.0,-0.16684203923208418,-0.15366671176482005
2023-10-25,33916.04296875,34502.8203125,25254318008,0.017736456610143003,0.04226301032315538,29924.213541666668,28848.77111235119,1,1.0,1,1.0,0.017581001125127033,0.34496914720111294,0.4119463564986634,0.017195490604567733,-0.14964654862751645,-0.1389877513898241
2023-10-26,34504.2890625,34156.6484375,19427195376,-0.010033147199696724,0.031709485714418006,30532.125325520832,29169.75855654762,1,1.0,1,1.0,-0.010083818433932462,0.33488532876718047,0.39778009086583666,-0.010130732307624044,-0.1597772809351405,-0.1476664012296378
2023-10-27,34156.5,33909.80078125,16418032871,-0.007226928505637331,0.024578119010983723,31094.6376953125,29453.720610119046,1,1.0,1,1.0,-0.007253169256571986,0.3276321595106085,0.3876784340825461,-0.007310109243328504,-0.167087390178469,-0.15387433496672942
2023-10-28,33907.72265625,34089.57421875,10160330825,0.005301518539129857,0.01548602102180019,31558.813313802082,29745.184151785714,1,1.0,1,1.0,0.0052875149613998505,0.3329196744720083,0.39503523702718546,0.005342842159649902,-0.1617445480188191,-0.14934152081875207
2023-10-29,34089.37109375,34538.48046875,11160323986,0.013168432293093613,0.023438950025987948,32069.041015625,30059.631324404763,1,1.0,1,1.0,0.013082482218137433,0.3460021566901458,0.4134056640924577,0.012893326873199665,-0.14885122114561944,-0.13830269229920478
2023-10-30,34531.7421875,34502.36328125,17184860315,-0.0010457086417764438,0.02148754141039433,32583.542805989582,30389.09254092262,1,1.0,1,1.0,-0.001046255776520464,0.3449559009136253,0.4119276535751806,-0.0009173759167094073,-0.14976859706232884,-0.13909283017464025
2023-10-31,34500.078125,34667.78125,15758270810,0.004794395311462418,0.018658555719458958,33079.207356770836,30735.605003720237,1,1.0,1,1.0,0.004782938801692802,0.3497388397153181,0.4186969928976054,0.004546026696209394,-0.14522257036611944,-0.13517021379377703
2023-11-01,34657.2734375,35437.25390625,22446272005,0.022195613001625203,0.03971936842348334,33558.732747395836,31143.41136532738,1,1.0,1,1.0,0.021952875620689455,0.37169171533600753,0.4501858423185301,0.022378039008214827,-0.1228445313579046,-0.11559885148120586
2023-11-02,35441.578125,34938.2421875,20998158544,-0.014081557224217889,0.044133722532455844,33977.051920572914,31533.00390625,3,1.0,0,1.0,-0.014181643038139046,0.35751007229786846,0.429764967394171,-0.01418258339090399,-0.1370271147488086,-0.12805341680100313
2023-11-03,34942.47265625,34732.32421875,17158456701,-0.005893770145759425,0.023702012357062374,34371.9208984375,31907.76339285714,1,1.0,1,0.0,-0.005911206955145199,0.3515988653427233,0.4213382613138905,-0.0,-0.1370271147488086,-0.12805341680100313
2023-11-04,34736.32421875,35082.1953125,9561294264,0.010073356782761111,0.018469120466971356,34538.2509765625,32299.21521577381,1,1.0,1,1.0,0.010022958693683921,0.3616218240364072,0.43565590872909477,0.010130576669009283,-0.1268965380797993,-0.11917520029187911
2023-11-05,35090.01171875,35049.35546875,12412743996,-0.0009360829177728069,0.02156710507506321,34633.9033203125,32674.915364583332,1,1.0,1,1.0,-0.0009365213169939803,0.36068530271941324,0.43431201575713385,-0.0012895926705015453,-0.12818613075030086,-0.12031037338480777
2023-11-06,35044.7890625,35037.37109375,12693436420,-0.0003419285416157436,0.014976517238949993,34678.44921875,32985.29175967262,1,1.0,1,1.0,-0.0003419870125084872,0.36034331570690475,0.43382158354136413,8.571252947995582e-05,-0.1281004182208209,-0.12023496973028047
2023-11-07,35047.79296875,35443.5625,18834737789,0.011593090279608864,0.03898016323204834,34785.692057291664,33319.94959077381,1,1.0,1,1.0,0.011526405303600254,0.371869721010505,0.4504440066042108,0.010549210807885581,-0.11755120741293533,-0.11090501767316263
2023-11-08,35419.4765625,35655.27734375,17295394918,0.005973294692089626,0.024087344547361722,34931.1484375,33668.851283482145,1,1.0,1,1.0,0.005955525293475274,0.3778252463039803,0.459107936090033,0.0060280795697645155,-0.11152312784317081,-0.10552929601412153
2023-11-09,35633.6328125,36693.125,37762672382,0.029107827327892632,0.06558073694808964,35148.111002604164,34048.533110119046,1,1.0,1,1.0,0.02869223982446583,0.4065174861284461,0.5015793979464995,0.029548127288815507,-0.0819750005543553,-0.07870500972750882
2023-11-10,36702.25,37313.96875,22711265155,0.01691989303173269,0.031104543894449055,35379.401692708336,34411.91499255953,1,1.0,1,1.0,0.01677834605033404,0.42329583217878014,0.5269859607384078,0.01642521069648984,-0.06554978985786547,-0.06344758521287797
2023-11-11,37310.0703125,37138.05078125,13924272142,-0.0047145338500075296,0.017224982337586736,35599.042317708336,34755.707310267855,1,1.0,1,1.0,-0.004725682318407844,0.4185701498603723,0.5197869337380203,-0.004730490181119463,-0.07028028003898493,-0.06786747485068145
2023-11-12,37133.9921875,37054.51953125,11545715999,-0.002249209321512735,0.012196437898799095,35797.937174479164,35091.927455357145,1,1.0,1,1.0,-0.002251742592082081,0.41631840726829017,0.5163686147999433,-0.0017165452223168013,-0.07199682526130173,-0.06946614999166001
2023-11-13,37070.3046875,36502.35546875,19057712790,-0.014901395821212304,0.02762424773019201,35886.695638020836,35254.599888392855,1,1.0,1,1.0,-0.015013537055029228,0.40130487021326094,0.4937726058599461,-0.01572895828623234,-0.08772578354753408,-0.08398797214443976
2023-11-14,36491.7890625,35537.640625,23857403554,-0.026428838121854925,0.051643176745783004,35936.6455078125,35332.510044642855,3,1.0,0,1.0,-0.02678435783979465,0.3745205123734663,0.45429393146881214,-0.026200195506516796,-0.11392597905405087,-0.10767599589522081
2023-11-15,35548.11328125,37880.58203125,27365821679,0.06592844558740318,0.07294622536278528,36199.000325520836,35493.35584077381,0,1.0,1,0.0,0.06384619927627835,0.4383667116497446,0.5501732697977444,0.0,-0.11392597905405087,-0.10767599589522081
2023-11-16,37879.98046875,36154.76953125,26007385366,-0.04555929205565723,0.06721397030937815,36288.381510416664,35588.50446428572,3,1.0,0,1.0,-0.046629756190665436,0.39173695545907916,0.47954847306215576,-0.04633581295486007,-0.16026179200891094,-0.14807926626987
2023-11-17,36164.82421875,36596.68359375,22445028430,0.012222842746045792,0.02237388251361483,36417.325520833336,35716.451264880954,1,1.0,1,0.0,0.01214874696667944,0.4038857024257586,0.49763276138354673,0.0,-0.16026179200891094,-0.14807926626987
2023-11-18,36625.37109375,36585.703125,11886022717,-0.000300039994658885,0.016724078153218747,36546.353190104164,35835.314546130954,1,1.0,1,1.0,-0.000300085015663709,0.4035856174100949,0.4971834116578202,-0.0010819521288333038,-0.16134374413774424,-0.14900050526321307
2023-11-19,36585.765625,37386.546875,12915986553,0.021889527372586093,0.03006370749539511,36708.2685546875,35970.93675595238,1,1.0,1,1.0,0.021653391391504333,0.42523900880159926,0.529956048929086,0.021318013927550932,-0.14002573021019332,-0.13066413308355018
2023-11-20,37374.07421875,37476.95703125,20888209068,0.0024182537251242753,0.02370469251618945,36860.0751953125,36112.584077380954,1,1.0,1,1.0,0.002415334454994771,0.427654343256594,0.5336558708436852,0.0025409374528813315,-0.13748479275731199,-0.12845239626769467
2023-11-21,37469.16015625,35813.8125,25172163756,-0.04437779006078835,0.050743777278668745,36786.799153645836,36167.15699404762,3,1.0,0,1.0,-0.045392621921948366,0.38226172133464564,0.46559561258188853,-0.04678459855411682,-0.1842693913114288,-0.16828828226576742
2023-11-22,35756.5546875,37432.33984375,24397247860,0.045192824521265385,0.06128254010805567,36796.663411458336,36262.16108630953,1,1.0,1,0.0,0.04420138946783627,0.4264631108024819,0.5318300179204383,0.0,-0.1842693913114288,-0.16828828226576742
2023-11-23,37420.43359375,37289.62109375,14214948217,-0.003812712499291715,0.019501065801682982,36809.294270833336,36374.131510416664,1,1.0,1,1.0,-0.003819999415433914,0.42264311138704796,0.5259895904643226,-0.0033223420897364997,-0.1875917334011653,-0.1710469279922351
2023-11-24,37296.31640625,37720.28125,22922957823,0.011549062275727495,0.030963088156993113,36864.7744140625,36516.41517857143,1,1.0,1,1.0,0.01148288092363248,0.43412599231068044,0.5436133392767071,0.011333379555485596,-0.1762583538456797,-0.16159864885889186
2023-11-25,37721.4140625,37796.79296875,9099571165,0.0020283973558654633,0.0073107547939217365,36972.644205729164,36645.681733630954,1,1.0,1,1.0,0.002026342935600158,0.4361523352462806,0.5467444004925746,0.001997241603730229,-0.17426111224194948,-0.15992248550535804
2023-11-26,37796.828125,37479.12109375,13744796068,-0.008404730932136117,0.01769381386603519,37134.434244791664,36761.384858630954,1,1.0,1,1.0,-0.00844024984109134,0.4277120854051893,0.5337444299856462,-0.009106563306967111,-0.1833676755489166,-0.1675379764695777
2023-11-27,37454.19140625,37254.16796875,19002925720,-0.006002091789647501,0.022019693170719057,37082.233072916664,36866.946614583336,1,1.0,1,1.0,-0.00602017674392167,0.4216919086612676,0.5245387551350118,-0.005520581394580342,-0.18888825694349692,-0.1721209887426013
2023-11-28,37247.9921875,37831.0859375,21696137014,0.01548599794884531,0.04004735645537716,37221.926106770836,36980.63820684524,1,1.0,1,1.0,0.015367313611233842,0.43705922227250144,0.5481477591699677,0.01540144275695001,-0.1734868141865469,-0.1592717632255105
2023-11-29,37826.10546875,37858.4921875,20728546658,0.0007244373065387055,0.02003264362019319,37327.076822916664,37085.55319940476,1,1.0,1,1.0,0.0007241750284948421,0.4377833973009963,0.5492692951627449,0.0009251686088768037,-0.1725616455776701,-0.15849358793608115
2023-11-30,37861.1171875,37712.74609375,18115982627,-0.0038497596002547985,0.01626951036077129,37420.9970703125,37134.10658482143,1,1.0,1,1.0,-0.0038571889984724806,0.4339262083025238,0.5433049808203121,-0.0037870125125983355,-0.17634865809026842,-0.16167435664115037
2023-12-01,37718.0078125,38688.75,23512784002,0.025879947957747618,0.03520522331507281,37529.513997395836,37199.572358630954,0,1.0,1,1.0,0.02555073011462817,0.459476938417152,0.5832456334068745,0.025424849204109475,-0.15092380888615894,-0.14008678609109182
2023-12-02,38689.27734375,39476.33203125,15534035612,0.020356874575942596,0.026553036948522957,37696.128580729164,37310.91908482143,0,1.0,1,1.0,0.020152443138720524,0.4796293815558725,0.615475566189047,0.020034314365216178,-0.13088949452094276,-0.12268528288230729
2023-12-03,39472.20703125,39978.390625,15769696322,0.012717964611113297,0.021309937149178948,38043.1767578125,37450.151041666664,0,1.0,1,1.0,0.012637770520489717,0.4922671520763622,0.6360211272699574,0.01274822920448915,-0.11814126531645361,-0.11142948044754364
2023-12-04,39978.62890625,41980.09765625,39856129827,0.05006972516793251,0.059860009190457086,38422.156575520836,37710.99590773809,0,1.0,1,1.0,0.04885656688656327,0.5411237189629254,0.7179362554812954,0.04899752188252917,-0.06914374343392443,-0.0668074698619483
2023-12-05,41986.265625,44080.6484375,36312154535,0.05003682455553493,0.07212536923035429,38988.075520833336,38117.80580357143,1,1.0,1,1.0,0.04882523455973004,0.5899489535226555,0.8038963304944056,0.04866414067252003,-0.020479602761404404,-0.020271319969642043
2023-12-06,44080.0234375,43746.4453125,29909761586,-0.007581629055975703,0.01811688701985159,39490.255859375,38397.13262648809,1,1.0,1,1.0,-0.007610515703398493,0.582338437819257,0.7902198576611612,-0.007077857913189123,-0.027557460674593526,-0.02718121787604688
2023-12-07,43769.1328125,43292.6640625,27635760671,-0.010372985662227885,0.027097104372000524,39948.2451171875,38737.03236607143,1,1.0,1,1.0,-0.010427160036986542,0.5719112777822705,0.7716499327454063,-0.01093472153055065,-0.03849218220514418,-0.03776077270070621
2023-12-08,43293.13671875,44166.6015625,24421116687,0.02018673414826888,0.03664250137408476,40505.53515625,39097.50465029762,1,1.0,1,1.0,0.01998568323480024,0.5918969610170707,0.8074137589415362,0.020278522970896908,-0.01821365923424727,-0.01804879299941964
2023-12-09,44180.01953125,43725.984375,17368210171,-0.009976252913108663,0.016816423448997808,41044.853190104164,39437.51804315476,1,1.0,1,1.0,-0.010026349184727985,0.5818706118323427,0.7893825421637031,-0.010275256525789051,-0.028488915760036322,-0.028086932995909475
2023-12-10,43728.3828125,43779.69921875,13000481418,0.0012284421841561866,0.010124032684577955,41540.570963541664,39741.95386904762,0,1.0,1,1.0,0.001227688266422679,0.5830983000987654,0.7915806951620896,0.001454214749028583,-0.027034701011007738,-0.02667253450878526
2023-12-11,43792.01953125,41243.83203125,40632672038,-0.05792335792051162,0.08882401758748393,41822.6826171875,39921.32886904762,3,1.0,0,1.0,-0.05966864669683699,0.5234296534019284,0.6878063253127369,-0.060073628878802486,-0.08710832988981022,-0.08342220251703325
2023-12-12,41238.734375,41450.22265625,24779520132,0.005004157345118276,0.033951928825338484,42134.138997395836,40189.72935267857,1,1.0,1,0.0,0.004991678164292342,0.5284213315662207,0.6962523737326878,0.0,-0.08710832988981022,-0.08342220251703325
2023-12-13,41468.46484375,42890.7421875,26797884674,0.03475299863154757,0.06767763234593382,42484.305013020836,40449.65327380953,1,1.0,1,1.0,0.03416274957103686,0.5625840811372576,0.755202230155779,0.03357164382581405,-0.053536686063996176,-0.05212883329634088
2023-12-14,42884.26171875,43023.97265625,25578530178,0.0031062756659134827,0.0388767696606227,42779.941731770836,40722.71763392857,1,1.0,1,1.0,0.003101461159203954,0.5656855422964615,0.7606543721320691,0.0033519778013110057,-0.050184708262685174,-0.04894625920808471
2023-12-15,43028.25,41929.7578125,19639442462,-0.025432678020983368,0.03345541252084616,42942.5556640625,40923.16889880953,3,1.0,0,1.0,-0.025761678809584642,0.5399238634868768,0.7158762163793975,-0.025670687045034127,-0.0758553953077193,-0.0730497617776974
2023-12-16,41937.7421875,42240.1171875,14386729590,0.007401888090740938,0.022573388157811625,42964.223958333336,41134.755766369046,1,1.0,1,0.0,0.007374628549158558,0.5472984920360354,0.7285769401106017,0.0,-0.0758553953077193,-0.0730497617776974
2023-12-17,42236.109375,41364.6640625,16678702876,-0.02072563201266564,0.026286254116040686,42737.891927083336,41319.78162202381,1,1.0,1,1.0,-0.02094342240847231,0.5263550696275631,0.6927510905442897,-0.021246562290891405,-0.0971019575986107,-0.09253652138069568
2023-12-18,41348.203125,42623.5390625,25224642008,0.030433584522719714,0.05403466892886555,42644.31640625,41575.46595982143,1,1.0,1,1.0,0.029979669511789556,0.5563347391393526,0.7442675739342954,0.030799267029996365,-0.06630269056861435,-0.06415245081142307
2023-12-19,42641.51171875,42270.52734375,23171001281,-0.008282083715112631,0.03653107314451809,42559.138346354164,41786.86793154762,1,1.0,1,1.0,-0.008316570718615267,0.5480181684207374,0.7298214038654152,-0.008956440144727832,-0.07525913071334218,-0.07249688935715148
2023-12-20,42261.30078125,43652.25,27868908174,0.032687613405284255,0.04859270681525363,42516.275716145836,42062.76116071428,1,1.0,1,1.0,0.032164737244750545,0.5801829056654879,0.7863651371751539,0.032288533885758516,-0.04297059682758367,-0.04206044388512409
2023-12-21,43648.125,43869.15234375,22452766169,0.0049688697318006625,0.021015834763204344,42528.206380208336,42355.92336309524,1,1.0,1,1.0,0.0049565656400486135,0.5851394713055366,0.7952413528352076,0.005047327130724086,-0.03792326969685958,-0.03721318701893095
2023-12-22,43868.98828125,43997.90234375,21028503216,0.002934864092908329,0.02131552293541028,42546.389973958336,42608.740141369046,1,0.0,1,1.0,0.0029305657871948458,0.5880700370927314,0.8005101422197478,0.003259197294526918,-0.034664072402332664,-0.034070155745547615
2023-12-23,44012.19921875,43739.54296875,13507796558,-0.005872083923035065,0.015324636169194106,42754.365885416664,42811.75018601191,1,0.0,1,0.0,-0.005889392398977758,0.5821806446937536,0.7899373955603577,-0.0,-0.034664072402332664,-0.034070155745547615
2023-12-24,43728.3671875,43016.1171875,18830554085,-0.01653939964043194,0.027078497909015065,42884.857096354164,42956.40383184524,1,0.0,1,0.0,-0.016677702596480784,0.5655029420972728,0.7603329056438308,-0.0,-0.034664072402332664,-0.034070155745547615
2023-12-25,43010.57421875,43613.140625,21115795370,0.013879063861056418,0.023367385404342356,42945.056966145836,43034.16778273809,0,0.0,1,0.0,0.013783631646973108,0.579286573744246,0.7847646784579807,0.0,-0.034664072402332664,-0.034070155745547615
2023-12-26,43599.84765625,42520.40234375,30026850982,-0.025055253200995553,0.046229602815811344,42903.0927734375,42959.87034970238,3,0.0,0,0.0,-0.025374479539831175,0.5539120942044148,0.7400469475350226,-0.0,-0.034664072402332664,-0.034070155745547615
2023-12-27,42518.46875,43442.85546875,25260941032,0.021694364920222586,0.035941783995981025,43029.184244791664,42945.41369047619,1,1.0,1,0.0,0.021462391204340153,0.5753744854087549,0.7777961609931667,0.0,-0.034664072402332664,-0.034070155745547615
2023-12-28,43468.19921875,42627.85546875,22992093014,-0.01876027694786908,0.03512007007122042,43061.495768229164,42913.756138392855,3,1.0,0,1.0,-0.018938483263033618,0.5564360021457213,0.7444442126560764,-0.019831655763238004,-0.05449572816557067,-0.0530374458835734
2023-12-29,42614.64453125,42099.40234375,26000021055,-0.012396896798793966,0.04104526731896474,43122.723958333336,42815.318080357145,3,1.0,0,0.0,-0.01247437935200907,0.5439616227937122,0.7228185177805255,-0.0,-0.05449572816557067,-0.0530374458835734
2023-12-30,42091.75390625,42156.90234375,16013925945,0.0013658151137276864,0.024735124493415084,43083.837565104164,42740.599888392855,1,1.0,1,0.0,0.001364883236683238,0.5453265060303955,0.7251715693503202,0.0,-0.05449572816557067,-0.0530374458835734
2023-12-31,42152.09765625,42265.1875,16397498810,0.002568622223877659,0.02054093952752689,43083.392578125,42668.48028273809,1,1.0,1,1.0,0.0025653289520551383,0.5478918349824506,0.7296028833833554,0.003035254719177439,-0.05146047344639323,-0.050158806830942426
2024-01-01,42280.234375,44167.33203125,18426978443,0.0450049945064126,0.04643993902489796,43126.316080729164,42807.69456845238,1,1.0,1,1.0,0.044021664837326654,0.5919134998197773,0.8074436516482986,0.044114106279758446,-0.007346367166634782,-0.007319448569661935
2024-01-02,44187.140625,44957.96875,39335274536,0.017900939051301412,0.038996758331351966,43217.05078125,42974.73009672619,1,1.0,1,1.0,0.01774260401360504,0.6096561038333823,0.8397985902951166,0.01737501622514926,0.010028649058514479,0.01007910448502014
2024-01-03,44961.6015625,42848.17578125,46342323118,-0.04692812036242189,0.11490568051250616,43121.240234375,42972.703125,3,1.0,0,1.0,-0.04806495357875531,0.561591150254627,0.7534603006071332,-0.04796745229163818,-0.0379388032331237,-0.03722814238664984
2024-01-04,42855.81640625,44179.921875,30448091210,0.03108057856532498,0.049088202166712724,43157.9384765625,43027.748325892855,1,1.0,1,0.0,0.030607357718285957,0.592198507972913,0.8079588612413315,0.0,-0.0379388032331237,-0.03722814238664984
2024-01-05,44192.98046875,44162.69140625,32336029347,-0.0003900067727314882,0.036661837498931815,43253.486328125,43134.07849702381,1,1.0,1,1.0,-0.0003900828451526924,0.5918084251277602,0.8072537450406274,-0.0003174615128892076,-0.03825626474601291,-0.0375337368873222
2024-01-06,44178.953125,43989.1953125,16092503468,-0.003928567037593367,0.017308196850931434,43284.82421875,43217.36793154762,1,1.0,1,1.0,-0.00393630412750998,0.5878721210002502,0.8001538275492937,-0.004093758639626057,-0.042350023385638966,-0.04146578754272834
2024-01-07,43998.46484375,43943.09765625,19330573863,-0.0010479313368322307,0.019086057556002345,43403.382161458336,43340.150483630954,1,1.0,1,1.0,-0.0010484808007761193,0.5868236401994741,0.7982673899422863,-0.0011315387805714767,-0.04348156216621044,-0.04254979276399362
2024-01-08,43948.70703125,46970.50390625,42746192015,0.06889378335779228,0.09189507054117318,43697.352864583336,43547.14880952381,2,1.0,0,1.0,0.06662426635587362,0.6534479065553477,0.9221568339243527,0.0668613970888069,0.023379834922596453,0.023655285739077936
2024-01-09,46987.640625,46139.73046875,39821290992,-0.017687130611972357,0.05854792950177967,43990.009114583336,43731.396577380954,3,1.0,0,0.0,-0.01784541710643821,0.6356024894489095,0.8881593949460374,-0.0,0.023379834922596453,0.023655285739077936
2024-01-10,46121.5390625,46627.77734375,50114613298,0.010577584004972662,0.07112963326090704,44367.373697916664,43873.08835565476,3,1.0,0,0.0,0.01052203275194838,0.6461245222008579,0.9081315595608574,0.0,0.023379834922596453,0.023655285739077936
2024-01-11,46656.07421875,46368.5859375,45833734549,-0.005558733892443213,0.07204081023570486,44718.347330729164,43992.10900297619,3,1.0,0,0.0,-0.005574241147522551,0.6405502810533353,0.8975247639894859,-0.0,0.023379834922596453,0.023655285739077936
2024-01-12,46354.79296875,42853.16796875,43332698900,-0.07581464687080208,0.1096409043600175,44767.345703125,43937.59784226191,3,1.0,0,0.0,-0.07884262883299366,0.5617076522203417,0.753664594079021,-0.0,0.023379834922596453,0.023655285739077936
